{"ticker": "GOOGL", "MSE": 0.04788707977074201, "MAE": 0.17997373480020637, "5% of mean Adj Close": 2.4411432135233655, "5% of mean Adj Close last 10 years": 4.170617482890474}
