{"ticker": "VZ", "MSE": 0.012134517096687607, "MAE": 0.10198791065937847, "5% of mean Adj Close": 0.8667264028586925, "5% of mean Adj Close last 10 years": 1.8645386310152732}
