{"ticker": "MSFT", "MSE": 6.36706932329094, "MAE": 1.9655582570265993, "5% of mean Adj Close": 2.8939110007765847, "5% of mean Adj Close last 10 years": 9.209551485548628}
