{"ticker": "AAPL", "MSE": 8.84171190081617, "MAE": 2.2169597646270867, "5% of mean Adj Close": 1.2030284170909646, "5% of mean Adj Close last 10 years": 4.776265507827776}
