{"ticker": "AMZN", "MSE": 0.04368367154376492, "MAE": 0.16044605003692358, "5% of mean Adj Close": 2.0315769347153285, "5% of mean Adj Close last 10 years": 5.114225815476618}
